{"cameraMode":{"drawMode":0,"name":"Shaded","section":"Shading Mode"},"sceneLighting":false,"audioPlay":false,"sceneViewState":{"m_AlwaysRefresh":false,"showFog":true,"showSkybox":false,"showFlares":true,"showImageEffects":true,"showParticleSystems":true,"showVisualEffectGraphs":true,"m_FxEnabled":true},"in2DMode":false,"pivot":{"x":-1.9795916080474854,"y":3.086606740951538,"z":1.3164939880371094},"rotation":{"x":0.3171895742416382,"y":-0.22193603217601777,"z":0.07661435008049011,"w":0.9188416600227356},"size":2.7625107765197756,"orthographic":true}